Country,Question,Format
Argentina,ODB.2013.D15,
Argentina,ODB.2013.D1,shp
Argentina,ODB.2013.D4,xls
Argentina,ODB.2013.D4,spss
Argentina,ODB.2013.D9,shp
Argentina,ODB.2013.D9,csv
Argentina,ODB.2013.D9,xls
Argentina,ODB.2013.D12,xls
Argentina,ODB.2013.D12,spss
Argentina,ODB.2013.D12,csv
Australia,ODB.2013.D1,xml
Australia,ODB.2013.D1,csv
Australia,ODB.2013.D1,wms
Australia,ODB.2013.D1,wfs
Australia,ODB.2013.D4,xls
Australia,ODB.2013.D5,xls
Australia,ODB.2013.D10,xls
Australia,ODB.2013.D10,csv
Australia,ODB.2013.D11,xls
Australia,ODB.2013.D13,xls
Australia,ODB.2013.D13,csv
Australia,ODB.2013.D14,xls
Australia,ODB.2013.D15,xls
Australia,ODB.2013.D15,xml
Australia,ODB.2013.D15,csv
Australia,ODB.2013.D16,xls
Australia,ODB.2013.D16,csv
Australia,ODB.2013.D7,xml
Australia,ODB.2013.D9,gtfs
Australia,ODB.2013.D12,xls
Austria,ODB.2013.D4,csv
Austria,ODB.2013.D4,
Austria,ODB.2013.D4,
Austria,ODB.2013.D4,xls
Austria,ODB.2013.D4,
Austria,ODB.2013.D4,
Austria,ODB.2013.D4,
Austria,ODB.2013.D5,xls
Austria,ODB.2013.D8,mx
Austria,ODB.2013.D8,xsd
Austria,ODB.2013.D8,wsdl
Austria,ODB.2013.D8,web
Austria,ODB.2013.D8,services
Austria,ODB.2013.D8,
Austria,ODB.2013.D8,laws
Austria,ODB.2013.D8,
Austria,ODB.2013.D8,xml
Austria,ODB.2013.D10,csv
Austria,ODB.2013.D15,csv
Austria,ODB.2013.D9,xml
Austria,ODB.2013.D9,routg
Austria,ODB.2013.D9,api
Austria,ODB.2013.D9,csv
Austria,ODB.2013.D12,xls
Bahrain,ODB.2013.D4,txt
Bahrain,ODB.2013.D4,csv
Bahrain,ODB.2013.D4,mdb
Bahrain,ODB.2013.D4,
Bahrain,ODB.2013.D4,dbf
Bahrain,ODB.2013.D4,
Bahrain,ODB.2013.D4,
Bahrain,ODB.2013.D4,
Bahrain,ODB.2013.D11,csv
Bahrain,ODB.2013.D11,xsl
Bahrain,ODB.2013.D12,xls
Bahrain,ODB.2013.D12,csv
Belgium,ODB.2013.D4,xls
Belgium,ODB.2013.D5,xls
Belgium,ODB.2013.D5,pdf
Belgium,ODB.2013.D7,csv
Belgium,ODB.2013.D14,xls
Belgium,ODB.2013.D13,csv
Belgium,ODB.2013.D13,xls
Benin,ODB.2013.D4,xls
Benin,ODB.2013.D11,xls
Benin,ODB.2013.D10,xls
Brazil,ODB.2013.D1,kmz
Brazil,ODB.2013.D1,csv
Brazil,ODB.2013.D1,shp
Brazil,ODB.2013.D6,xls
Brazil,ODB.2013.D6,csv
Brazil,ODB.2013.D6,rdf
Brazil,ODB.2013.D5,
Brazil,ODB.2013.D4,xls
Brazil,ODB.2013.D7,ods
Brazil,ODB.2013.D7,xls
Brazil,ODB.2013.D11,csv
Brazil,ODB.2013.D12,xls
Brazil,ODB.2013.D12,xls
Brazil,ODB.2013.D12,csv
Brazil,ODB.2013.D12,s
Brazil,ODB.2013.D15,xls
Brazil,ODB.2013.D2,
Brazil,ODB.2013.D9,json
Brazil,ODB.2013.D9,csv
Brazil,ODB.2013.D10,xls
Brazil,ODB.2013.D10,xls
Brazil,ODB.2013.D13,
Brazil,ODB.2013.D14,xls
Burkina Faso,ODB.2013.D11,xls
Canada,ODB.2013.D1,shp
Canada,ODB.2013.D1,gml
Canada,ODB.2013.D1,fgdb
Canada,ODB.2013.D2,dwg
Canada,ODB.2013.D2,shp
Canada,ODB.2013.D2,kmz
Canada,ODB.2013.D2,zipped
Canada,ODB.2013.D2,kml
Canada,ODB.2013.D4,csv
Canada,ODB.2013.D5,xls
Canada,ODB.2013.D8,xml
Canada,ODB.2013.D9,csv
Canada,ODB.2013.D10,csv
Canada,ODB.2013.D11,xls
Canada,ODB.2013.D13,csv
Canada,ODB.2013.D13,xml
Canada,ODB.2013.D14,xls
Canada,ODB.2013.D14,csv
Canada,ODB.2013.D15,csv
Canada,ODB.2013.D16,csv
Canada,ODB.2013.D16,xls
Chile,ODB.2013.D8,sparql
Chile,ODB.2013.D8,rdf
Chile,ODB.2013.D8,pdf
Chile,ODB.2013.D8,txt
Chile,ODB.2013.D4,sav
Chile,ODB.2013.D4,csv
Chile,ODB.2013.D5,csv
Chile,ODB.2013.D5,xml
Chile,ODB.2013.D6,csv
Chile,ODB.2013.D6,xml
Chile,ODB.2013.D9,csv
Chile,ODB.2013.D12,csv
Chile,ODB.2013.D12,xls
Chile,ODB.2013.D12,json
Chile,ODB.2013.D11,xls
Chile,ODB.2013.D11,csv
Chile,ODB.2013.D1,xls
Chile,ODB.2013.D1,csv
Chile,ODB.2013.D10,xls
Chile,ODB.2013.D13,csv
Chile,ODB.2013.D13,xls
Chile,ODB.2013.D15,xls
Chile,ODB.2013.D16,csv
Chile,ODB.2013.D16,xls
China,ODB.2013.D4,xls
China,ODB.2013.D11,csv
China,ODB.2013.D11,xsl
China,ODB.2013.D13,csv
China,ODB.2013.D13,xls
China,ODB.2013.D14,csv
China,ODB.2013.D14,xls
Colombia,ODB.2013.D4,xls
Colombia,ODB.2013.D6,csv
Colombia,ODB.2013.D6,xls
Colombia,ODB.2013.D11,
Colombia,ODB.2013.D12,xls
Colombia,ODB.2013.D12,csv
Colombia,ODB.2013.D13,xls
Costa Rica,ODB.2013.D4,
Costa Rica,ODB.2013.D10,xls
Costa Rica,ODB.2013.D10,xls
Costa Rica,ODB.2013.D11,xls
Costa Rica,ODB.2013.D12,xls
Costa Rica,ODB.2013.D14,
Czech Republic,ODB.2013.D4,dbf
Czech Republic,ODB.2013.D4,csv
Czech Republic,ODB.2013.D4,tsv
Czech Republic,ODB.2013.D4,xls
Czech Republic,ODB.2013.D5,csv
Czech Republic,ODB.2013.D5,xml
Czech Republic,ODB.2013.D1,shp
Czech Republic,ODB.2013.D1,tiff
Czech Republic,ODB.2013.D1,wms
Czech Republic,ODB.2013.D1,wfs
Czech Republic,ODB.2013.D2,wms
Czech Republic,ODB.2013.D2,wmts
Czech Republic,ODB.2013.D6,xls
Czech Republic,ODB.2013.D6,csv
Czech Republic,ODB.2013.D6,xml
Czech Republic,ODB.2013.D7,xml
Czech Republic,ODB.2013.D8,txt
Czech Republic,ODB.2013.D8,text
Czech Republic,ODB.2013.D8,file
Czech Republic,ODB.2013.D9,xls
Czech Republic,ODB.2013.D9,xls
Czech Republic,ODB.2013.D10,xls
Czech Republic,ODB.2013.D11,xls
Czech Republic,ODB.2013.D11,xls
Czech Republic,ODB.2013.D12,xls
Czech Republic,ODB.2013.D12,xls
Czech Republic,ODB.2013.D13,xls
Czech Republic,ODB.2013.D13,xls
Denmark,ODB.2013.D1,shp
Denmark,ODB.2013.D1,tab
Denmark,ODB.2013.D1,mdb
Denmark,ODB.2013.D4,xls
Denmark,ODB.2013.D4,px
Denmark,ODB.2013.D4,dbf
Denmark,ODB.2013.D4,csv
Denmark,ODB.2013.D7,csv
Denmark,ODB.2013.D5,csv
Denmark,ODB.2013.D9,soap/xml
Denmark,ODB.2013.D9,json
Denmark,ODB.2013.D9,jsonp
Denmark,ODB.2013.D9,atom
Denmark,ODB.2013.D9,rss
Denmark,ODB.2013.D10,xls
Denmark,ODB.2013.D10,px
Denmark,ODB.2013.D10,dbf
Denmark,ODB.2013.D10,csv
Denmark,ODB.2013.D11,xls
Denmark,ODB.2013.D11,px
Denmark,ODB.2013.D11,dbf
Denmark,ODB.2013.D11,csv
Denmark,ODB.2013.D12,xls
Denmark,ODB.2013.D12,px
Denmark,ODB.2013.D12,dbf
Denmark,ODB.2013.D12,csv
Denmark,ODB.2013.D13,xls
Denmark,ODB.2013.D13,px
Denmark,ODB.2013.D13,dbf
Denmark,ODB.2013.D13,csv
Denmark,ODB.2013.D14,xls
Denmark,ODB.2013.D14,px
Denmark,ODB.2013.D14,dbf
Denmark,ODB.2013.D14,csv
Denmark,ODB.2013.D15,xls
Denmark,ODB.2013.D15,px
Denmark,ODB.2013.D15,dbf
Denmark,ODB.2013.D15,csv
Denmark,ODB.2013.D16,rss
Ecuador,ODB.2013.D4,sav
Ecuador,ODB.2013.D9,csv
Ecuador,ODB.2013.D9,xls
Ecuador,ODB.2013.D12,csv
Ecuador,ODB.2013.D12,xml
Ecuador,ODB.2013.D12,xls
Ecuador,ODB.2013.D13,spss
Ecuador,ODB.2013.D13,xls
Ecuador,ODB.2013.D10,xls
Ecuador,ODB.2013.D11,csv
Ecuador,ODB.2013.D11,xls
Ecuador,ODB.2013.D14,csv
Ecuador,ODB.2013.D14,xls
Egypt,ODB.2013.D4,csv
Egypt,ODB.2013.D4,pdf
Egypt,ODB.2013.D15,csv
Egypt,ODB.2013.D15,xls
Egypt,ODB.2013.D15,html
Estonia,ODB.2013.D1,xml
Estonia,ODB.2013.D1,wms
Estonia,ODB.2013.D2,xml
Estonia,ODB.2013.D2,web
Estonia,ODB.2013.D2,service
Estonia,ODB.2013.D4,xls
Estonia,ODB.2013.D4,csv
Estonia,ODB.2013.D4,dbf
Estonia,ODB.2013.D4,px
Estonia,ODB.2013.D4,xml
Estonia,ODB.2013.D5,xls
Estonia,ODB.2013.D5,csv
Estonia,ODB.2013.D5,dbf
Estonia,ODB.2013.D5,px
Estonia,ODB.2013.D5,xml
Estonia,ODB.2013.D8,xml
Estonia,ODB.2013.D10,
Estonia,ODB.2013.D11,xls
Estonia,ODB.2013.D11,csv
Estonia,ODB.2013.D11,dbf
Estonia,ODB.2013.D11,px
Estonia,ODB.2013.D11,xml
Estonia,ODB.2013.D13,xls
Estonia,ODB.2013.D13,csv
Estonia,ODB.2013.D13,dbf
Estonia,ODB.2013.D13,px
Estonia,ODB.2013.D13,xml
Estonia,ODB.2013.D16,csv
Estonia,ODB.2013.D14,xls
Estonia,ODB.2013.D14,csv
Estonia,ODB.2013.D14,dbf
Estonia,ODB.2013.D14,px
Estonia,ODB.2013.D14,xml
Estonia,ODB.2013.D7,xml
Ethiopia,ODB.2013.D4,xls
Finland,ODB.2013.D1,gml
Finland,ODB.2013.D1,shp
Finland,ODB.2013.D4,xls
Finland,ODB.2013.D9,xml
Finland,ODB.2013.D11,xls
Finland,ODB.2013.D11,csv
Finland,ODB.2013.D14,pc-axis
Finland,ODB.2013.D15,xml
Finland,ODB.2013.D15,csv
Finland,ODB.2013.D13,xls
Finland,ODB.2013.D10,csv
Finland,ODB.2013.D10,px
Finland,ODB.2013.D5,pc-axis
Finland,ODB.2013.D2,xml
France,ODB.2013.D4,xls
France,ODB.2013.D4,csv
France,ODB.2013.D5,csv
France,ODB.2013.D10,csv
France,ODB.2013.D9,gtfs
France,ODB.2013.D12,csv
France,ODB.2013.D13,xls
France,ODB.2013.D13,ods
France,ODB.2013.D14,csv
France,ODB.2013.D15,xls
France,ODB.2013.D16,xls
France,ODB.2013.D8,xml
France,ODB.2013.D11,xls
France,ODB.2013.D11,csv
Germany,ODB.2013.D4,xls
Germany,ODB.2013.D1,shp
Germany,ODB.2013.D1,wms
Germany,ODB.2013.D1,wfs
Germany,ODB.2013.D5,csv
Germany,ODB.2013.D5,xls
Germany,ODB.2013.D5,xml
Germany,ODB.2013.D8,xml
Germany,ODB.2013.D8,epub
Germany,ODB.2013.D15,csv
Germany,ODB.2013.D10,csv
Germany,ODB.2013.D10,xls
Germany,ODB.2013.D11,xls
Germany,ODB.2013.D9,gtfs
Germany,ODB.2013.D9,xml
Germany,ODB.2013.D9,api
Germany,ODB.2013.D12,xls
Germany,ODB.2013.D13,xls
Germany,ODB.2013.D14,xls
Germany,ODB.2013.D14,csv
Germany,ODB.2013.D14,
Ghana,ODB.2013.D4,csv
Ghana,ODB.2013.D4,xls
Ghana,ODB.2013.D5,xls
Ghana,ODB.2013.D6,xls
Ghana,ODB.2013.D10,xls
Ghana,ODB.2013.D11,xls
Ghana,ODB.2013.D12,xls
Ghana,ODB.2013.D15,xls
Ghana,ODB.2013.D16,xls
Ghana,ODB.2013.D13,xls
Ghana,ODB.2013.D13,csv
Greece,ODB.2013.D4,xls
Greece,ODB.2013.D4,csv
Greece,ODB.2013.D4,txt
Greece,ODB.2013.D5,xls
Greece,ODB.2013.D6,xml
Greece,ODB.2013.D6,json
Greece,ODB.2013.D1,wms
Greece,ODB.2013.D1,web
Greece,ODB.2013.D1,map
Greece,ODB.2013.D1,service
Greece,ODB.2013.D9,shp
Greece,ODB.2013.D9,gml
Greece,ODB.2013.D9,kml
Greece,ODB.2013.D11,xls
Greece,ODB.2013.D12,xls
Greece,ODB.2013.D13,xls
Greece,ODB.2013.D13,xls
Greece,ODB.2013.D14,xls
Hungary,ODB.2013.D4,xls
Hungary,ODB.2013.D5,xls
Hungary,ODB.2013.D10,xls
Hungary,ODB.2013.D11,xls
Hungary,ODB.2013.D12,xls
Hungary,ODB.2013.D13,xls
Hungary,ODB.2013.D14,xls
Hungary,ODB.2013.D9,gtfs
Iceland,ODB.2013.D1,gdb
Iceland,ODB.2013.D1,shp
Iceland,ODB.2013.D1,dwg
Iceland,ODB.2013.D4,csv
Iceland,ODB.2013.D4,xml
Iceland,ODB.2013.D4,xls
Iceland,ODB.2013.D4,
Iceland,ODB.2013.D4,pc-axis
Iceland,ODB.2013.D9,xml
Iceland,ODB.2013.D10,csv
Iceland,ODB.2013.D10,xml
Iceland,ODB.2013.D10,xls
Iceland,ODB.2013.D10,
Iceland,ODB.2013.D10,pc-axis
Iceland,ODB.2013.D11,xls
Iceland,ODB.2013.D12,csv
Iceland,ODB.2013.D12,xml
Iceland,ODB.2013.D12,xls
Iceland,ODB.2013.D12,
Iceland,ODB.2013.D12,pc-axis
Iceland,ODB.2013.D13,csv
Iceland,ODB.2013.D13,xml
Iceland,ODB.2013.D13,xls
Iceland,ODB.2013.D13,
Iceland,ODB.2013.D13,pc-axis
Iceland,ODB.2013.D14,csv
Iceland,ODB.2013.D14,xml
Iceland,ODB.2013.D14,xls
Iceland,ODB.2013.D14,
Iceland,ODB.2013.D14,pc-axis
India,ODB.2013.D13,csv
India,ODB.2013.D13,xml
India,ODB.2013.D13,json
India,ODB.2013.D13,xls
India,ODB.2013.D13,ods
India,ODB.2013.D14,csv
India,ODB.2013.D14,xls
India,ODB.2013.D4,csv
India,ODB.2013.D4,xls
India,ODB.2013.D4,pdf
India,ODB.2013.D4,html
India,ODB.2013.D5,xls
India,ODB.2013.D5,pdf
India,ODB.2013.D10,csv
India,ODB.2013.D10,xls
India,ODB.2013.D10,xml
India,ODB.2013.D10,json
India,ODB.2013.D10,jsonp
India,ODB.2013.D10,ods
India,ODB.2013.D11,csv
India,ODB.2013.D12,csv
India,ODB.2013.D12,xls
Indonesia,ODB.2013.D11,csv
Indonesia,ODB.2013.D12,csv
Indonesia,ODB.2013.D14,csv
Indonesia,ODB.2013.D14,kml
Indonesia,ODB.2013.D10,csv
Indonesia,ODB.2013.D4,csv
Indonesia,ODB.2013.D9,json
Ireland,ODB.2013.D4,xls
Ireland,ODB.2013.D6,xls
Ireland,ODB.2013.D9,gtfs
Ireland,ODB.2013.D9,transxchange
Ireland,ODB.2013.D12,xls
Ireland,ODB.2013.D13,xls
Ireland,ODB.2013.D14,xls
Ireland,ODB.2013.D10,xls
Ireland,ODB.2013.D7,xml
Ireland,ODB.2013.D7,json
Israel,ODB.2013.D5,xls
Israel,ODB.2013.D5,pdf
Israel,ODB.2013.D9,txt
Israel,ODB.2013.D9,gtfs
Israel,ODB.2013.D12,xml
Israel,ODB.2013.D4,xml
Israel,ODB.2013.D4,xls
Israel,ODB.2013.D6,xls
Israel,ODB.2013.D7,xls
Israel,ODB.2013.D7,json
Israel,ODB.2013.D10,xml
Israel,ODB.2013.D10,xls
Israel,ODB.2013.D10,txt
Israel,ODB.2013.D14,xls
Israel,ODB.2013.D14,csv
Israel,ODB.2013.D15,csv
Israel,ODB.2013.D16,xls
Italy,ODB.2013.D4,csv
Italy,ODB.2013.D4,pc-axis
Italy,ODB.2013.D4,xls
Italy,ODB.2013.D4,sdmx
Italy,ODB.2013.D5,csv
Italy,ODB.2013.D9,gtfs
Italy,ODB.2013.D9,json
Italy,ODB.2013.D9,xml-rpc
Italy,ODB.2013.D10,csv
Italy,ODB.2013.D10,pc-axis
Italy,ODB.2013.D10,xls
Italy,ODB.2013.D10,sdmx
Italy,ODB.2013.D11,csv
Italy,ODB.2013.D11,pc-axis
Italy,ODB.2013.D11,xls
Italy,ODB.2013.D11,sdmx
Italy,ODB.2013.D12,csv
Italy,ODB.2013.D12,pc-axis
Italy,ODB.2013.D12,xls
Italy,ODB.2013.D12,sdmx
Italy,ODB.2013.D13,csv
Italy,ODB.2013.D13,pc-axis
Italy,ODB.2013.D13,xls
Italy,ODB.2013.D13,sdmx
Italy,ODB.2013.D15,csv
Italy,ODB.2013.D14,xls
Italy,ODB.2013.D8,xml
Italy,ODB.2013.D6,csv
Italy,ODB.2013.D1,wms
Jamaica,ODB.2013.D16,xls
Jamaica,ODB.2013.D4,csv
Jamaica,ODB.2013.D4,xls
Jamaica,ODB.2013.D2,xls
Jamaica,ODB.2013.D12,xls
Jamaica,ODB.2013.D12,csv
Jamaica,ODB.2013.D11,xls
Jamaica,ODB.2013.D11,csv
Japan,ODB.2013.D1,gml
Japan,ODB.2013.D1,jpgi
Japan,ODB.2013.D4,xls
Japan,ODB.2013.D4,csv
Japan,ODB.2013.D10,csv
Japan,ODB.2013.D15,xls
Japan,ODB.2013.D14,txt
Japan,ODB.2013.D14,csv
Japan,ODB.2013.D14,fmatted
Japan,ODB.2013.D14,file
Japan,ODB.2013.D13,csv
Japan,ODB.2013.D11,csv
Japan,ODB.2013.D12,xls
Japan,ODB.2013.D5,xls
Jordan,ODB.2013.D14,xls
Jordan,ODB.2013.D12,xls
Jordan,ODB.2013.D12,xls
Jordan,ODB.2013.D4,xls
Kazakhstan,ODB.2013.D4,xls
Kazakhstan,ODB.2013.D4,pdf
Kazakhstan,ODB.2013.D4,doc
Kazakhstan,ODB.2013.D4,rar
Kazakhstan,ODB.2013.D10,xls
Kazakhstan,ODB.2013.D10,doc
Kazakhstan,ODB.2013.D6,xls
Kazakhstan,ODB.2013.D6,xls
Kazakhstan,ODB.2013.D6,pdf
Kazakhstan,ODB.2013.D7,xls
Kazakhstan,ODB.2013.D7,doc
Kazakhstan,ODB.2013.D7,pdf
Kazakhstan,ODB.2013.D11,xls
Kazakhstan,ODB.2013.D11,
Kazakhstan,ODB.2013.D11,
Kazakhstan,ODB.2013.D11,doc
Kazakhstan,ODB.2013.D11,rar
Kazakhstan,ODB.2013.D12,xls
Kazakhstan,ODB.2013.D12,doc
Kazakhstan,ODB.2013.D12,html
Kazakhstan,ODB.2013.D13,xls
Kazakhstan,ODB.2013.D13,mistry
Kazakhstan,ODB.2013.D13,
Kazakhstan,ODB.2013.D13,teri
Kazakhstan,ODB.2013.D13,
Kazakhstan,ODB.2013.D13,
Kazakhstan,ODB.2013.D13,doc
Kazakhstan,ODB.2013.D13,pdf
Kenya,ODB.2013.D4,csv
Kenya,ODB.2013.D4,xls
Kenya,ODB.2013.D4,xml
Kenya,ODB.2013.D11,xls
Kenya,ODB.2013.D11,csv
Kenya,ODB.2013.D11,xlm
Kenya,ODB.2013.D12,xls
Kenya,ODB.2013.D12,csv
Kenya,ODB.2013.D12,xml
Kenya,ODB.2013.D6,xls
Kenya,ODB.2013.D6,csv
Kenya,ODB.2013.D6,xml
Korea,ODB.2013.D1,ngi
Korea,ODB.2013.D1,shp
Korea,ODB.2013.D2,csv
Korea,ODB.2013.D4,xls
Korea,ODB.2013.D4,csv
Korea,ODB.2013.D4,sdmx
Korea,ODB.2013.D5,xls
Korea,ODB.2013.D7,json
Korea,ODB.2013.D7,xml
Korea,ODB.2013.D8,hwp
Korea,ODB.2013.D8,txt
Korea,ODB.2013.D8,pdf
Korea,ODB.2013.D9,
Korea,ODB.2013.D10,xls
Korea,ODB.2013.D13,xls
Korea,ODB.2013.D13,csv
Korea,ODB.2013.D13,txt
Korea,ODB.2013.D13,xml
Korea,ODB.2013.D13,sdmx
Korea,ODB.2013.D14,xls
Korea,ODB.2013.D14,xml
Korea,ODB.2013.D15,xls
Korea,ODB.2013.D12,xls
Korea,ODB.2013.D11,xls
Korea,ODB.2013.D11,csv
Korea,ODB.2013.D11,sdmx
Malawi,ODB.2013.D10,xls
Malawi,ODB.2013.D10,csv
Malawi,ODB.2013.D4,csv
Malawi,ODB.2013.D4,xls
Malawi,ODB.2013.D12,txt
Malawi,ODB.2013.D12,csv
Malawi,ODB.2013.D12,mdb
Malaysia,ODB.2013.D10,xls
Malaysia,ODB.2013.D1,kml
Malaysia,ODB.2013.D1,nmf
Malaysia,ODB.2013.D4,xls
Malaysia,ODB.2013.D5,xls
Malaysia,ODB.2013.D11,xls
Malaysia,ODB.2013.D12,xls
Malaysia,ODB.2013.D13,xls
Malaysia,ODB.2013.D14,xls
Mauritius,ODB.2013.D4,xls
Mauritius,ODB.2013.D13,xls
Mauritius,ODB.2013.D14,xls
Mauritius,ODB.2013.D12,xls
Mexico,ODB.2013.D4,xml
Mexico,ODB.2013.D4,csv
Mexico,ODB.2013.D10,xls
Mexico,ODB.2013.D10,csv
Mexico,ODB.2013.D10,txt
Mexico,ODB.2013.D11,csv
Mexico,ODB.2013.D11,xls
Mexico,ODB.2013.D11,kmz
Mexico,ODB.2013.D15,xls
Mexico,ODB.2013.D15,txt
Mexico,ODB.2013.D16,xls
Mexico,ODB.2013.D5,csv
Mexico,ODB.2013.D5,xls
Mexico,ODB.2013.D6,csv
Mexico,ODB.2013.D6,xls
Mexico,ODB.2013.D1,tif
Mexico,ODB.2013.D12,csv
Mexico,ODB.2013.D12,xls
Mexico,ODB.2013.D14,xls
Morocco,ODB.2013.D4,xls
Morocco,ODB.2013.D4,pdf
Morocco,ODB.2013.D5,xls
Morocco,ODB.2013.D5,pdf
Morocco,ODB.2013.D6,xls
Morocco,ODB.2013.D10,xls
Mozambique,ODB.2013.D11,xls
Mozambique,ODB.2013.D12,xls
Mozambique,ODB.2013.D13,xls
Mozambique,ODB.2013.D14,xls
Mozambique,ODB.2013.D14,csv
Myanmar,ODB.2013.D1,shp
Namibia,ODB.2013.D4,xls
Namibia,ODB.2013.D4,sav
Nepal,ODB.2013.D10,csv
Nepal,ODB.2013.D10,
Nepal,ODB.2013.D15,xml
Netherlands,ODB.2013.D1,gml
Netherlands,ODB.2013.D1,geo-tiff
Netherlands,ODB.2013.D4,csv
Netherlands,ODB.2013.D8,xml
Netherlands,ODB.2013.D8,wsdl
Netherlands,ODB.2013.D10,csv
Netherlands,ODB.2013.D11,
Netherlands,ODB.2013.D11,csv
Netherlands,ODB.2013.D11,csv
Netherlands,ODB.2013.D11,xls
Netherlands,ODB.2013.D12,xls
Netherlands,ODB.2013.D12,csv
Netherlands,ODB.2013.D13,csv
Netherlands,ODB.2013.D14,xls
Netherlands,ODB.2013.D14,ods
Netherlands,ODB.2013.D14,xls
Netherlands,ODB.2013.D14,csv
Netherlands,ODB.2013.D14,
Netherlands,ODB.2013.D15,csv
Netherlands,ODB.2013.D2,csv
Netherlands,ODB.2013.D5,xls
Netherlands,ODB.2013.D5,ods
Netherlands,ODB.2013.D9,gtfs
Netherlands,ODB.2013.D9,gtfs-realtime
New Zealand,ODB.2013.D1,geotiff
New Zealand,ODB.2013.D1,shp
New Zealand,ODB.2013.D1,lsiff
New Zealand,ODB.2013.D4,csv
New Zealand,ODB.2013.D4,xls
New Zealand,ODB.2013.D5,xls
New Zealand,ODB.2013.D6,xls
New Zealand,ODB.2013.D8,html
New Zealand,ODB.2013.D10,xls
New Zealand,ODB.2013.D11,xls
New Zealand,ODB.2013.D11,xls
New Zealand,ODB.2013.D11,
New Zealand,ODB.2013.D13,xls
New Zealand,ODB.2013.D13,csv
New Zealand,ODB.2013.D2,gis
New Zealand,ODB.2013.D2,cad
New Zealand,ODB.2013.D2,dwg
New Zealand,ODB.2013.D2,kml
New Zealand,ODB.2013.D2,csv
New Zealand,ODB.2013.D7,xml
New Zealand,ODB.2013.D7,api
New Zealand,ODB.2013.D9,gtfs
New Zealand,ODB.2013.D12,xls
New Zealand,ODB.2013.D14,xls
New Zealand,ODB.2013.D15,xls
Norway,ODB.2013.D1,sosi
Norway,ODB.2013.D1,geojson
Norway,ODB.2013.D1,dem
Norway,ODB.2013.D1,esri
Norway,ODB.2013.D1,mrsid
Norway,ODB.2013.D4,dbe
Norway,ODB.2013.D4,pc-axis
Norway,ODB.2013.D4,csv
Norway,ODB.2013.D4,tsv
Norway,ODB.2013.D4,xml
Norway,ODB.2013.D5,csv
Norway,ODB.2013.D5,tsv
Norway,ODB.2013.D5,pc-axis
Norway,ODB.2013.D5,dbe
Norway,ODB.2013.D5,xml
Norway,ODB.2013.D5,xls
Norway,ODB.2013.D7,csv
Norway,ODB.2013.D7,json
Norway,ODB.2013.D7,jsonp
Norway,ODB.2013.D7,yaml
Norway,ODB.2013.D7,xml
Norway,ODB.2013.D9,json
Norway,ODB.2013.D9,xml
Norway,ODB.2013.D10,csv
Norway,ODB.2013.D10,tsv
Norway,ODB.2013.D10,xml
Norway,ODB.2013.D10,pc-axis
Norway,ODB.2013.D10,dbe
Norway,ODB.2013.D10,xls
Norway,ODB.2013.D11,csv
Norway,ODB.2013.D11,tsv
Norway,ODB.2013.D11,xml
Norway,ODB.2013.D11,pc-axis
Norway,ODB.2013.D11,dbe
Norway,ODB.2013.D11,xls
Norway,ODB.2013.D12,json
Norway,ODB.2013.D12,csv
Norway,ODB.2013.D12,dbe
Norway,ODB.2013.D12,pc-axis
Norway,ODB.2013.D12,xls
Norway,ODB.2013.D12,xml
Norway,ODB.2013.D13,tsv
Norway,ODB.2013.D13,csv
Norway,ODB.2013.D13,xml
Norway,ODB.2013.D13,pc-axis
Norway,ODB.2013.D13,dbe
Norway,ODB.2013.D13,xls
Norway,ODB.2013.D14,csv
Norway,ODB.2013.D14,tsv
Norway,ODB.2013.D14,json
Norway,ODB.2013.D14,xls
Norway,ODB.2013.D15,xml
Norway,ODB.2013.D15,pc-axis
Norway,ODB.2013.D15,dbe
Norway,ODB.2013.D15,csv
Norway,ODB.2013.D15,
Norway,ODB.2013.D15,tsv
Norway,ODB.2013.D2,xml
Pakistan,ODB.2013.D10,n/a
Peru,ODB.2013.D4,xls
Peru,ODB.2013.D4,spss
Peru,ODB.2013.D4,dbf
Peru,ODB.2013.D6,xls
Peru,ODB.2013.D9,csv
Peru,ODB.2013.D9,xls
Peru,ODB.2013.D10,
Peru,ODB.2013.D11,xls
Peru,ODB.2013.D11,
Peru,ODB.2013.D12,xls
Peru,ODB.2013.D13,
Peru,ODB.2013.D14,xls
Philippines,ODB.2013.D12,xls
Philippines,ODB.2013.D5,csv
Poland,ODB.2013.D4,xls
Poland,ODB.2013.D4,xls
Poland,ODB.2013.D12,xls
Poland,ODB.2013.D12,xls
Poland,ODB.2013.D14,xls
Poland,ODB.2013.D14,xls
Poland,ODB.2013.D15,csv
Poland,ODB.2013.D15,csv
Poland,ODB.2013.D15,values
Poland,ODB.2013.D1,wms
Poland,ODB.2013.D1,web
Poland,ODB.2013.D1,map
Poland,ODB.2013.D1,service
Poland,ODB.2013.D6,xls
Poland,ODB.2013.D6,xls
Poland,ODB.2013.D10,xls
Poland,ODB.2013.D10,xls
Poland,ODB.2013.D11,xls
Poland,ODB.2013.D11,xls
Portugal,ODB.2013.D1,kml
Portugal,ODB.2013.D1,shp
Portugal,ODB.2013.D4,csv
Portugal,ODB.2013.D4,xls
Portugal,ODB.2013.D10,xls
Portugal,ODB.2013.D12,xls
Portugal,ODB.2013.D12,ods
Portugal,ODB.2013.D13,xls
Portugal,ODB.2013.D15,xls
Portugal,ODB.2013.D16,csv
Portugal,ODB.2013.D6,xls
Portugal,ODB.2013.D14,xls
Qatar,ODB.2013.D4,xls
Qatar,ODB.2013.D4,csv
Qatar,ODB.2013.D4,pdf
Qatar,ODB.2013.D10,xml
Qatar,ODB.2013.D10,xls
Russia,ODB.2013.D5,csv
Russia,ODB.2013.D4,xls
Russia,ODB.2013.D4,xml
Russia,ODB.2013.D4,sdmx
Russia,ODB.2013.D14,xls
Russia,ODB.2013.D14,csv
Russia,ODB.2013.D13,csv
Russia,ODB.2013.D13,xls
Russia,ODB.2013.D13,xml
Russia,ODB.2013.D13,metadata
Russia,ODB.2013.D13,
Russia,ODB.2013.D13,xsd
Russia,ODB.2013.D12,xls
Russia,ODB.2013.D12,xml
Russia,ODB.2013.D12,csv
Russia,ODB.2013.D6,csv
Russia,ODB.2013.D2,csv
Russia,ODB.2013.D10,xls
Russia,ODB.2013.D11,csv
Russia,ODB.2013.D11,xls
Rwanda,ODB.2013.D4,xls
Rwanda,ODB.2013.D10,xls
Rwanda,ODB.2013.D14,xls
Rwanda,ODB.2013.D15,xls
Rwanda,ODB.2013.D1,shp
Rwanda,ODB.2013.D11,xls
Rwanda,ODB.2013.D13,xls
Saudi Arabia ,ODB.2013.D4,xls
Saudi Arabia ,ODB.2013.D4,pdf
Saudi Arabia ,ODB.2013.D4,html
Saudi Arabia ,ODB.2013.D10,xls
Saudi Arabia ,ODB.2013.D10,xls
Saudi Arabia ,ODB.2013.D11,xls
Saudi Arabia ,ODB.2013.D12,xls
Saudi Arabia ,ODB.2013.D12,pdf
Saudi Arabia ,ODB.2013.D12,xls
Senegal,ODB.2013.D4,txt
Senegal,ODB.2013.D4,csv
Senegal,ODB.2013.D4,xls
Senegal,ODB.2013.D4,mdb
Senegal,ODB.2013.D4,dbf
Sierra Leone,ODB.2013.D6,xls
Singapore,ODB.2013.D4,xls
Singapore,ODB.2013.D9,xml
Singapore,ODB.2013.D10,xls
Singapore,ODB.2013.D14,xls
Singapore,ODB.2013.D14,csv
Singapore,ODB.2013.D13,xls
Singapore,ODB.2013.D12,xls
Singapore,ODB.2013.D12,csv
Singapore,ODB.2013.D11,xls
Singapore,ODB.2013.D11,csv
Singapore,ODB.2013.D5,xls
South Africa,ODB.2013.D15,xls
South Africa,ODB.2013.D15,csv
South Africa,ODB.2013.D5,xls
South Africa,ODB.2013.D10,xls
South Africa,ODB.2013.D10,csv
South Africa,ODB.2013.D12,xls
South Africa,ODB.2013.D13,xls
South Africa,ODB.2013.D2,xls
Spain,ODB.2013.D1,
Spain,ODB.2013.D4,xls
Spain,ODB.2013.D4,csv
Spain,ODB.2013.D4,tsv
Spain,ODB.2013.D9,shp
Spain,ODB.2013.D9,xls
Spain,ODB.2013.D9,xml
Spain,ODB.2013.D9,kml
Spain,ODB.2013.D9,csv
Spain,ODB.2013.D9,odata
Spain,ODB.2013.D10,xls
Spain,ODB.2013.D10,expt
Spain,ODB.2013.D12,xls
Spain,ODB.2013.D15,xls
Spain,ODB.2013.D15,csv
Spain,ODB.2013.D16,xml
Spain,ODB.2013.D13,csv
Spain,ODB.2013.D13,xls
Spain,ODB.2013.D6,xls
Spain,ODB.2013.D11,xls
Spain,ODB.2013.D11,txt
Spain,ODB.2013.D11,csv
Sweden,ODB.2013.D1,shp
Sweden,ODB.2013.D1,map
Sweden,ODB.2013.D2,shp
Sweden,ODB.2013.D2,map
Sweden,ODB.2013.D4,
Sweden,ODB.2013.D4,xls
Sweden,ODB.2013.D4,csv
Sweden,ODB.2013.D4,tsv
Sweden,ODB.2013.D4,txt
Sweden,ODB.2013.D4,xls
Sweden,ODB.2013.D4,json
Sweden,ODB.2013.D4,api
Sweden,ODB.2013.D4,xls
Sweden,ODB.2013.D5,xls
Sweden,ODB.2013.D6,xls
Sweden,ODB.2013.D9,gtfs
Sweden,ODB.2013.D10,csv
Sweden,ODB.2013.D10,tsv
Sweden,ODB.2013.D10,txt
Sweden,ODB.2013.D10,xls
Sweden,ODB.2013.D11,csv
Sweden,ODB.2013.D11,xls
Sweden,ODB.2013.D12,xls
Sweden,ODB.2013.D13,xls
Sweden,ODB.2013.D14,
Sweden,ODB.2013.D14,xls
Sweden,ODB.2013.D14,odata
Sweden,ODB.2013.D14,api
Sweden,ODB.2013.D14,json
Sweden,ODB.2013.D15,xls
Sweden,ODB.2013.D15,skv
Sweden,ODB.2013.D7,csv
Sweden,ODB.2013.D7,xml
Switzerland,ODB.2013.D4,ods
Switzerland,ODB.2013.D4,csv
Switzerland,ODB.2013.D4,xls
Switzerland,ODB.2013.D15,xls
Switzerland,ODB.2013.D10,xls
Switzerland,ODB.2013.D10,csv
Switzerland,ODB.2013.D11,xls
Switzerland,ODB.2013.D12,xls
Switzerland,ODB.2013.D13,csv
Switzerland,ODB.2013.D13,xls
Switzerland,ODB.2013.D13,px
Switzerland,ODB.2013.D13,pc-axis
Tanzania,ODB.2013.D4,xls
Tanzania,ODB.2013.D12,xls
Thailand,ODB.2013.D4,xls
Thailand,ODB.2013.D7,xls
Thailand,ODB.2013.D12,xls
Thailand,ODB.2013.D13,xls
Tunisia,ODB.2013.D4,xls
Tunisia,ODB.2013.D4,html
Tunisia,ODB.2013.D12,xls
Tunisia,ODB.2013.D12,doc
Tunisia,ODB.2013.D12,html
Tunisia,ODB.2013.D13,csv
Tunisia,ODB.2013.D13,json
Tunisia,ODB.2013.D13,xml
Turkey,ODB.2013.D4,xls
Turkey,ODB.2013.D15,xls
Turkey,ODB.2013.D14,xls
Turkey,ODB.2013.D14,pdf
Turkey,ODB.2013.D13,xls
Turkey,ODB.2013.D12,xls
Turkey,ODB.2013.D11,xls
Turkey,ODB.2013.D11,pdf
Turkey,ODB.2013.D10,xls
Turkey,ODB.2013.D5,xls
UAE,ODB.2013.D4,xls
UAE,ODB.2013.D4,xls
UAE,ODB.2013.D4,pdf
UAE,ODB.2013.D5,xls
UAE,ODB.2013.D5,pdf
UAE,ODB.2013.D5,doc
UAE,ODB.2013.D10,xls
UAE,ODB.2013.D11,xls
UAE,ODB.2013.D11,pdf
UAE,ODB.2013.D11,rly
UAE,ODB.2013.D12,xls
Uganda,ODB.2013.D10,xls
Uganda,ODB.2013.D4,xls
Uganda,ODB.2013.D4,pdf
UK,ODB.2013.D5,
UK,ODB.2013.D5,xls
UK,ODB.2013.D5,csv
UK,ODB.2013.D6,
UK,ODB.2013.D6,csv
UK,ODB.2013.D6,csv
UK,ODB.2013.D6,xls
UK,ODB.2013.D7,
UK,ODB.2013.D7,csv
UK,ODB.2013.D7,xbrl
UK,ODB.2013.D7,xml
UK,ODB.2013.D7,xbrl
UK,ODB.2013.D7,html
UK,ODB.2013.D8,xml
UK,ODB.2013.D8,rdf
UK,ODB.2013.D8,xhtml
UK,ODB.2013.D8,feed
UK,ODB.2013.D9,
UK,ODB.2013.D9,cif
UK,ODB.2013.D10,xls
UK,ODB.2013.D10,csv
UK,ODB.2013.D10,xml
UK,ODB.2013.D10,txt
UK,ODB.2013.D10,navidata
UK,ODB.2013.D11,xls
UK,ODB.2013.D11,xls
UK,ODB.2013.D11,csv
UK,ODB.2013.D12,xls
UK,ODB.2013.D12,csv
UK,ODB.2013.D13,csv
UK,ODB.2013.D13,json
UK,ODB.2013.D13,api
UK,ODB.2013.D14,csv
UK,ODB.2013.D15,xls
UK,ODB.2013.D15,xls
UK,ODB.2013.D15,csv
UK,ODB.2013.D16,csv
UK,ODB.2013.D16,xml
UK,ODB.2013.D16,rss
UK,ODB.2013.D1,shp
UK,ODB.2013.D1,dxf
UK,ODB.2013.D1,mapfo
UK,ODB.2013.D1,tab
UK,ODB.2013.D2,csv
UK,ODB.2013.D2,txt
UK,ODB.2013.D4,
UK,ODB.2013.D4,xls
UK,ODB.2013.D4,csv
UK,ODB.2013.D4,xls
UK,ODB.2013.D4,csv
UK,ODB.2013.D4,xml
UK,ODB.2013.D4,txt
UK,ODB.2013.D4,navidata
UK,ODB.2013.D4,xls
UK,ODB.2013.D4,csv
UK,ODB.2013.D4,xml
UK,ODB.2013.D4,txt
UK,ODB.2013.D4,navidata
Ukraine,ODB.2013.D5,xls
Ukraine,ODB.2013.D13,xls
Ukraine,ODB.2013.D10,csv
Ukraine,ODB.2013.D4,xls
Ukraine,ODB.2013.D4,csv
Uruguay,ODB.2013.D4,dbf
Uruguay,ODB.2013.D4,sav
Uruguay,ODB.2013.D4,xls
Uruguay,ODB.2013.D1,
Uruguay,ODB.2013.D6,
Uruguay,ODB.2013.D5,csv
Uruguay,ODB.2013.D5,xls
Uruguay,ODB.2013.D9,
Uruguay,ODB.2013.D10,xls
Uruguay,ODB.2013.D11,xls
Uruguay,ODB.2013.D12,
Uruguay,ODB.2013.D14,xls
Uruguay,ODB.2013.D14,shp
US,ODB.2013.D1,shp
US,ODB.2013.D1,gdb
US,ODB.2013.D1,kml
US,ODB.2013.D1,
US,ODB.2013.D1,rest
US,ODB.2013.D1,
US,ODB.2013.D1,wms
US,ODB.2013.D4,csv
US,ODB.2013.D4,xls
US,ODB.2013.D4,shp
US,ODB.2013.D4,dbf
US,ODB.2013.D4,kml
US,ODB.2013.D4,xml
US,ODB.2013.D5,xls
US,ODB.2013.D5,xml
US,ODB.2013.D6,csv
US,ODB.2013.D6,tsv
US,ODB.2013.D6,xml
US,ODB.2013.D6,atom
US,ODB.2013.D8,xml
US,ODB.2013.D9,gtfs
US,ODB.2013.D9,api
US,ODB.2013.D9,rest
US,ODB.2013.D9,
US,ODB.2013.D9,json
US,ODB.2013.D10,xls
US,ODB.2013.D11,csv
US,ODB.2013.D11,json
US,ODB.2013.D11,rdf
US,ODB.2013.D11,xls
US,ODB.2013.D11,xls
US,ODB.2013.D11,xml
US,ODB.2013.D12,xls
US,ODB.2013.D13,xls
US,ODB.2013.D14,csv
US,ODB.2013.D15,xls
US,ODB.2013.D16,csv
US,ODB.2013.D16,tsv
US,ODB.2013.D16,xml
US,ODB.2013.D16,atom
Venezuela,ODB.2013.D4,xls
Venezuela,ODB.2013.D4,pdf
Venezuela,ODB.2013.D10,
Vietnam,ODB.2013.D4,xls
Vietnam,ODB.2013.D10,xls
Vietnam,ODB.2013.D12,xls
Vietnam,ODB.2013.D11,xls
Vietnam,ODB.2013.D5,xls
Zambia,ODB.2013.D10,xls
Zambia,ODB.2013.D10,csv
Zimbabwe,ODB.2013.D10,csv
Zimbabwe,ODB.2013.D10,mdb
Zimbabwe,ODB.2013.D10,xls
Zimbabwe,ODB.2013.D4,mdb
Zimbabwe,ODB.2013.D4,xls
Zimbabwe,ODB.2013.D4,csv
